;;2013;2013;2013;2013;2013;2013;2013;2013;2013;2013;2013;2013;2013;2013;2013;2013;2013;2013;2013;2013;2013;2013;2013;2013;2013;2013
;;Helår;Helår;Jan;Jan;Feb;Feb;Mar;Mar;Apr;Apr;Maj;Maj;Jun;Jun;Jul;Jul;Aug;Aug;Sep;Sep;Okt;Okt;Nov;Nov;Dec;Dec
Plats;Typ;Antal;/100 000 inv;Antal;/100 000 inv;Antal;/100 000 inv;Antal;/100 000 inv;Antal;/100 000 inv;Antal;/100 000 inv;Antal;/100 000 inv;Antal;/100 000 inv;Antal;/100 000 inv;Antal;/100 000 inv;Antal;/100 000 inv;Antal;/100 000 inv;Antal;/100 000 inv
Hela landet;Totalt antal brott;1394598;14594;110807;1160;97753;1023;106927;1119;112174;1174;125953;1318;120326;1259;121433;1271;124787;1306;125740;1316;127125;1330;118160;1237;103413;1082
Hela landet;Våldsbrott;104209;1091;8603;90;7684;80;8325;87;8111;85;9421;99;9076;95;8813;92;8640;90;8897;93;9136;96;8864;93;8639;90
Hela landet;Sexualbrott;17908;187;1677;18;1415;15;1446;15;1466;15;1684;18;1524;16;1341;14;1462;15;1717;18;1568;16;1394;15;1214;13
Hela landet;Hot-, kränknings- och frihetsbrott;165986;1737;14357;150;12743;133;13460;141;13352;140;15717;164;13391;140;14386;151;13918;146;13925;146;14255;149;13935;146;12547;131
Hela landet;Vårdslöshets- och vållandebrott;7428;78;537;6;465;5;659;7;733;8;815;9;625;7;619;6;648;7;640;7;594;6;559;6;534;6
Hela landet;Stöld-, rån- och häleribrott;537634;5626;37747;395;34248;358;37764;395;40849;427;47130;493;48757;510;52724;552;54327;569;51356;537;48726;510;43693;457;40313;422
Hela landet;Bilbrott;105125;1100;8023;84;6804;71;7555;79;8266;87;9165;96;9501;99;9907;104;10282;108;9623;101;9643;101;8441;88;7915;83
Hela landet;Skadegörelse (inkl. mordbrand);142871;1495;10944;115;8818;92;9498;99;11605;121;13370;140;11695;122;12451;130;13382;140;14371;150;14439;151;12195;128;10103;106
Hela landet;Vissa trafikbrott;72931;763;5708;60;5011;52;5424;57;6301;66;6540;68;6302;66;5611;59;6155;64;6544;68;7113;74;6473;68;5749;60
Hela landet;Alkohol- och narkotikabrott;131972;1381;12124;127;10360;108;11997;126;12095;127;13536;142;10516;110;7785;81;9647;101;10862;114;12944;135;10857;114;9249;97
Hela landet;Smugglings- och tullbrott;6093;64;650;7;378;4;606;6;450;5;477;5;622;7;275;3;404;4;668;7;475;5;727;8;361;4
Hela landet;Vapenbrott;12057;126;1067;11;1021;11;1056;11;969;10;1038;11;866;9;837;9;959;10;1086;11;1166;12;1067;11;925;10
Hela landet;Bedrägeri- och förfalskningsbrott;156792;1641;14072;147;12219;128;13023;136;12794;134;12718;133;13322;139;13629;143;13186;138;12718;133;13073;137;15075;158;10963;115
Hela landet;Ekonomisk brottslighet;34329;359;3255;34;2934;31;3292;34;3151;33;2790;29;3261;34;1890;20;1785;19;2649;28;3422;36;3211;34;2689;28
Hela landet;Miljöbrott (djur och natur);7099;74;422;4;364;4;402;4;590;6;664;7;621;6;676;7;669;7;722;8;808;8;678;7;483;5
Hela landet;Övriga brott;50723;531;4146;43;3949;41;4246;44;4256;45;4694;49;4331;45;4579;48;4078;43;4317;45;4351;46;4123;43;3653;38
Blekinge;Totalt antal brott;18861;12383;2158;1417;1792;1177;1634;1073;1311;861;1410;926;1610;1057;1472;966;1686;1107;1545;1014;1511;992;1471;966;1261;828
Blekinge;Våldsbrott;1175;771;106;70;83;54;82;54;70;46;97;64;125;82;107;70;80;53;116;76;84;55;110;72;115;76
Blekinge;Sexualbrott;321;211;134;88;18;12;21;14;10;7;17;11;15;10;21;14;20;13;16;11;21;14;13;9;15;10
Blekinge;Hot-, kränknings- och frihetsbrott;3430;2252;762;500;419;275;357;234;196;129;197;129;213;140;200;131;239;157;231;152;221;145;218;143;177;116
Blekinge;Vårdslöshets- och vållandebrott;80;53;7;5;6;4;6;4;6;4;6;4;9;6;7;5;9;6;7;5;4;3;8;5;5;3
Blekinge;Stöld-, rån- och häleribrott;6370;4182;426;280;339;223;380;249;359;236;562;369;759;498;669;439;698;458;618;406;633;416;539;354;388;255
Blekinge;Bilbrott;1519;997;83;54;58;38;79;52;96;63;124;81;171;112;157;103;295;194;134;88;117;77;131;86;74;49
Blekinge;Skadegörelse (inkl. mordbrand);1778;1167;152;100;106;70;103;68;154;101;148;97;118;77;149;98;288;189;156;102;123;81;150;98;131;86
Blekinge;Vissa trafikbrott;1121;736;114;75;74;49;66;43;74;49;79;52;74;49;68;45;97;64;114;75;116;76;118;77;127;83
Blekinge;Alkohol- och narkotikabrott;2476;1626;198;130;544;357;409;269;299;196;117;77;142;93;103;68;103;68;138;91;150;98;123;81;150;98
Blekinge;Smugglings- och tullbrott;51;33;3;2;5;3;3;2;7;5;1;1;2;1;2;1;5;3;5;3;2;1;5;3;11;7
Blekinge;Vapenbrott;149;98;8;5;18;12;9;6;13;9;20;13;9;6;9;6;7;5;9;6;22;14;12;8;13;9
Blekinge;Bedrägeri- och förfalskningsbrott;1826;1199;267;175;182;119;161;106;121;79;146;96;131;86;120;79;140;92;123;81;120;79;182;119;133;87
Blekinge;Ekonomisk brottslighet;22;14;2;1;0;0;2;1;3;2;1;1;3;2;1;1;2;1;2;1;2;1;4;3;0;0
Blekinge;Miljöbrott (djur och natur);108;71;3;2;6;4;6;4;4;3;12;8;11;7;10;7;19;12;16;11;14;9;4;3;3;2
Blekinge;Övriga brott;539;354;47;31;35;23;64;42;44;29;44;29;40;26;51;33;46;30;47;31;42;28;35;23;44;29
Dalarna;Totalt antal brott;28975;10477;2288;827;2061;745;2356;852;2263;818;2596;939;2704;978;2536;917;2845;1029;2619;947;2435;880;2247;812;2025;732
Dalarna;Våldsbrott;2633;952;241;87;183;66;202;73;196;71;232;84;255;92;218;79;221;80;209;76;235;85;241;87;200;72
Dalarna;Sexualbrott;464;168;41;15;37;13;33;12;32;12;40;14;42;15;47;17;36;13;43;16;36;13;49;18;28;10
Dalarna;Hot-, kränknings- och frihetsbrott;4659;1685;374;135;384;139;368;133;392;142;390;141;373;135;409;148;434;157;368;133;433;157;373;135;361;131
Dalarna;Vårdslöshets- och vållandebrott;221;80;16;6;15;5;17;6;24;9;32;12;22;8;14;5;16;6;17;6;16;6;15;5;17;6
Dalarna;Stöld-, rån- och häleribrott;10132;3664;704;255;695;251;689;249;724;262;819;296;947;342;1001;362;1218;440;1063;384;818;296;695;251;759;274
Dalarna;Bilbrott;2097;758;165;60;150;54;133;48;151;55;169;61;169;61;191;69;269;97;244;88;160;58;145;52;151;55
Dalarna;Skadegörelse (inkl. mordbrand);2660;962;199;72;149;54;161;58;199;72;287;104;279;101;242;88;282;102;248;90;233;84;205;74;176;64
Dalarna;Vissa trafikbrott;1889;683;148;54;124;45;141;51;152;55;191;69;176;64;152;55;138;50;203;73;190;69;173;63;101;37
Dalarna;Alkohol- och narkotikabrott;2501;904;223;81;208;75;274;99;251;91;206;74;257;93;148;54;173;63;227;82;218;79;173;63;143;52
Dalarna;Smugglings- och tullbrott;22;8;1;0;3;1;1;0;2;1;3;1;0;0;1;0;1;0;1;0;0;0;4;1;5;2
Dalarna;Vapenbrott;353;128;22;8;16;6;28;10;49;18;24;9;39;14;13;5;31;11;38;14;35;13;35;13;23;8
Dalarna;Bedrägeri- och förfalskningsbrott;3150;1139;246;89;217;78;423;153;228;82;366;132;289;105;248;90;265;96;197;71;217;78;268;97;186;67
Dalarna;Ekonomisk brottslighet;174;63;49;18;15;5;6;2;10;4;15;5;42;15;7;3;9;3;4;1;6;2;8;3;3;1
Dalarna;Miljöbrott (djur och natur);239;86;9;3;8;3;16;6;17;6;16;6;21;8;14;5;28;10;27;10;33;12;31;11;19;7
Dalarna;Övriga brott;1099;397;114;41;100;36;89;32;93;34;91;33;95;34;118;43;80;29;74;27;92;33;74;27;79;29
Gotland;Totalt antal brott;6319;11039;470;821;356;622;404;706;510;891;453;791;525;917;928;1621;629;1099;588;1027;564;985;480;839;412;720
Gotland;Våldsbrott;572;999;43;75;37;65;46;80;39;68;64;112;45;79;75;131;34;59;60;105;47;82;38;66;44;77
Gotland;Sexualbrott;108;189;7;12;10;17;5;9;9;16;4;7;9;16;16;28;9;16;7;12;5;9;18;31;9;16
Gotland;Hot-, kränknings- och frihetsbrott;902;1576;64;112;65;114;62;108;79;138;55;96;70;122;106;185;94;164;94;164;68;119;78;136;67;117
Gotland;Vårdslöshets- och vållandebrott;33;58;0;0;1;2;2;3;3;5;3;5;1;2;5;9;7;12;3;5;5;9;3;5;0;0
Gotland;Stöld-, rån- och häleribrott;2030;3546;124;217;93;162;125;218;98;171;153;267;197;344;331;578;252;440;194;339;191;334;154;269;118;206
Gotland;Bilbrott;402;702;26;45;13;23;41;72;20;35;21;37;33;58;61;107;53;93;43;75;33;58;35;61;23;40
Gotland;Skadegörelse (inkl. mordbrand);921;1609;86;150;30;52;43;75;126;220;60;105;71;124;142;248;99;173;65;114;84;147;63;110;52;91
Gotland;Vissa trafikbrott;299;522;21;37;28;49;23;40;33;58;7;12;31;54;45;79;18;31;32;56;13;23;19;33;29;51
Gotland;Alkohol- och narkotikabrott;729;1274;33;58;36;63;47;82;57;100;49;86;59;103;129;225;56;98;86;150;81;142;44;77;52;91
Gotland;Smugglings- och tullbrott;8;14;2;3;0;0;0;0;0;0;0;0;4;7;0;0;0;0;0;0;2;3;0;0;0;0
Gotland;Vapenbrott;51;89;5;9;6;10;4;7;2;3;2;3;4;7;8;14;3;5;4;7;3;5;7;12;3;5
Gotland;Bedrägeri- och förfalskningsbrott;608;1062;72;126;45;79;38;66;70;122;42;73;30;52;70;122;55;96;50;87;52;91;47;82;37;65
Gotland;Ekonomisk brottslighet;9;16;0;0;1;2;1;2;0;0;2;3;1;2;2;3;1;2;0;0;0;0;0;0;1;2
Gotland;Miljöbrott (djur och natur);77;135;3;5;4;7;7;12;4;7;6;10;8;14;5;9;3;5;11;19;15;26;7;12;4;7
Gotland;Övriga brott;230;402;24;42;17;30;23;40;17;30;17;30;23;40;32;56;15;26;14;24;13;23;20;35;15;26
Gävleborg;Totalt antal brott;30991;11203;2270;821;1976;714;2257;816;2410;871;2765;1000;2650;958;2746;993;3064;1108;3016;1090;2719;983;2757;997;2361;853
Gävleborg;Våldsbrott;2658;961;190;69;206;74;207;75;201;73;243;88;201;73;239;86;235;85;249;90;203;73;237;86;247;89
Gävleborg;Sexualbrott;472;171;28;10;41;15;40;14;41;15;37;13;39;14;47;17;35;13;51;18;42;15;28;10;43;16
Gävleborg;Hot-, kränknings- och frihetsbrott;4143;1498;270;98;306;111;295;107;326;118;338;122;335;121;379;137;390;141;407;147;382;138;385;139;330;119
Gävleborg;Vårdslöshets- och vållandebrott;226;82;23;8;12;4;20;7;14;5;16;6;14;5;22;8;26;9;19;7;19;7;24;9;17;6
Gävleborg;Stöld-, rån- och häleribrott;12006;4340;758;274;639;231;795;287;897;324;1047;378;1119;405;1251;452;1392;503;1306;472;1032;373;932;337;838;303
Gävleborg;Bilbrott;2591;937;181;65;173;63;183;66;216;78;207;75;211;76;248;90;339;123;216;78;237;86;177;64;203;73
Gävleborg;Skadegörelse (inkl. mordbrand);2602;941;196;71;154;56;187;68;176;64;236;85;239;86;280;101;284;103;252;91;231;84;184;67;183;66
Gävleborg;Vissa trafikbrott;1920;694;140;51;105;38;106;38;144;52;208;75;195;70;119;43;112;40;146;53;204;74;229;83;212;77
Gävleborg;Alkohol- och narkotikabrott;3325;1202;353;128;261;94;242;87;274;99;347;125;270;98;137;50;299;108;236;85;373;135;311;112;222;80
Gävleborg;Smugglings- och tullbrott;45;16;9;3;3;1;5;2;3;1;2;1;7;3;0;0;2;1;8;3;4;1;1;0;1;0
Gävleborg;Vapenbrott;307;111;16;6;29;10;19;7;31;11;27;10;27;10;19;7;22;8;30;11;22;8;38;14;27;10
Gävleborg;Bedrägeri- och förfalskningsbrott;3200;1157;273;99;212;77;332;120;291;105;281;102;204;74;229;83;248;90;291;105;229;83;389;141;221;80
Gävleborg;Ekonomisk brottslighet;80;29;4;1;9;3;12;4;10;4;7;3;5;2;5;2;6;2;7;3;5;2;3;1;7;3
Gävleborg;Miljöbrott (djur och natur);165;60;9;3;4;1;11;4;10;4;9;3;17;6;12;4;7;3;31;11;23;8;17;6;15;5
Gävleborg;Övriga brott;1114;403;89;32;77;28;83;30;100;36;100;36;93;34;100;36;97;35;90;33;81;29;109;39;95;34
Halland;Totalt antal brott;34863;11464;2571;845;2352;773;2712;892;2711;891;3127;1028;3085;1014;3358;1104;3111;1023;3158;1038;3036;998;2990;983;2652;872
Halland;Våldsbrott;2390;786;179;59;120;39;184;61;184;61;198;65;247;81;242;80;204;67;217;71;206;68;208;68;201;66
Halland;Sexualbrott;402;132;28;9;19;6;30;10;34;11;35;12;43;14;33;11;37;12;39;13;30;10;40;13;34;11
Halland;Hot-, kränknings- och frihetsbrott;4172;1372;312;103;290;95;319;105;338;111;413;136;376;124;368;121;337;111;360;118;373;123;390;128;296;97
Halland;Vårdslöshets- och vållandebrott;324;107;19;6;15;5;46;15;41;13;26;9;27;9;31;10;35;12;23;8;24;8;21;7;16;5
Halland;Stöld-, rån- och häleribrott;14621;4808;877;288;921;303;1064;350;1027;338;1255;413;1366;449;1531;503;1455;478;1396;459;1308;430;1255;413;1166;383
Halland;Bilbrott;2606;857;164;54;148;49;169;56;215;71;229;75;263;86;297;98;294;97;205;67;223;73;201;66;198;65
Halland;Skadegörelse (inkl. mordbrand);2612;859;204;67;145;48;149;49;233;77;235;77;256;84;273;90;254;84;249;82;225;74;209;69;180;59
Halland;Vissa trafikbrott;2168;713;175;58;125;41;184;61;169;56;199;65;193;63;140;46;193;63;187;61;184;61;191;63;228;75
Halland;Alkohol- och narkotikabrott;3533;1162;431;142;305;100;419;138;282;93;350;115;243;80;181;60;236;78;305;100;318;105;231;76;232;76
Halland;Smugglings- och tullbrott;44;14;10;3;9;3;3;1;3;1;2;1;6;2;0;0;5;2;1;0;1;0;2;1;2;1
Halland;Vapenbrott;260;85;27;9;25;8;24;8;15;5;28;9;17;6;14;5;21;7;17;6;28;9;21;7;23;8
Halland;Bedrägeri- och förfalskningsbrott;4102;1349;288;95;327;108;261;86;369;121;357;117;315;104;506;166;348;114;342;112;301;99;409;134;279;92
Halland;Ekonomisk brottslighet;69;23;5;2;31;10;6;2;2;1;3;1;2;1;3;1;3;1;5;2;4;1;1;0;4;1
Halland;Miljöbrott (djur och natur);178;59;14;5;9;3;11;4;14;5;12;4;11;4;14;5;21;7;22;7;20;7;21;7;9;3
Halland;Övriga brott;1308;430;108;36;106;35;126;41;96;32;130;43;119;39;118;39;97;32;107;35;111;36;98;32;92;30
Jämtland;Totalt antal brott;13101;10381;1167;925;991;785;1004;796;1247;988;1043;826;1102;873;1160;919;1165;923;1103;874;1095;868;1066;845;958;759
Jämtland;Våldsbrott;1208;957;147;116;82;65;84;67;85;67;85;67;96;76;139;110;98;78;88;70;93;74;115;91;96;76
Jämtland;Sexualbrott;202;160;22;17;13;10;14;11;24;19;17;13;17;13;17;13;17;13;11;9;18;14;23;18;9;7
Jämtland;Hot-, kränknings- och frihetsbrott;1929;1529;205;162;154;122;154;122;166;132;156;124;156;124;211;167;154;122;129;102;147;116;160;127;137;109
Jämtland;Vårdslöshets- och vållandebrott;121;96;11;9;7;6;11;9;5;4;13;10;15;12;8;6;13;10;14;11;8;6;5;4;11;9
Jämtland;Stöld-, rån- och häleribrott;4278;3390;327;259;301;239;304;241;371;294;327;259;364;288;368;292;446;353;413;327;407;323;330;261;320;254
Jämtland;Bilbrott;893;708;78;62;47;37;58;46;83;66;56;44;74;59;57;45;102;81;92;73;89;71;94;74;63;50
Jämtland;Skadegörelse (inkl. mordbrand);1003;795;78;62;47;37;51;40;110;87;118;94;99;78;95;75;121;96;82;65;78;62;67;53;57;45
Jämtland;Vissa trafikbrott;887;703;78;62;72;57;76;60;100;79;74;59;78;62;61;48;69;55;65;52;63;50;71;56;80;63
Jämtland;Alkohol- och narkotikabrott;1798;1425;159;126;165;131;173;137;291;231;124;98;138;109;102;81;117;93;145;115;128;101;130;103;126;100
Jämtland;Smugglings- och tullbrott;8;6;0;0;1;1;0;0;1;1;0;0;1;1;0;0;3;2;0;0;0;0;1;1;1;1
Jämtland;Vapenbrott;169;134;15;12;14;11;17;13;14;11;19;15;14;11;13;10;11;9;12;10;19;15;9;7;12;10
Jämtland;Bedrägeri- och förfalskningsbrott;1376;1090;127;101;121;96;105;83;90;71;101;80;107;85;101;80;120;95;129;102;115;91;148;117;112;89
Jämtland;Ekonomisk brottslighet;35;28;7;6;0;0;3;2;6;5;4;3;0;0;9;7;1;1;1;1;1;1;2;2;1;1
Jämtland;Miljöbrott (djur och natur);190;151;7;6;19;15;11;9;10;8;12;10;24;19;18;14;6;5;17;13;34;27;19;15;13;10
Jämtland;Övriga brott;520;412;50;40;43;34;53;42;45;36;39;31;42;33;70;55;42;33;38;30;33;26;34;27;31;25
Jönköping;Totalt antal brott;37770;11138;2847;840;2511;740;2619;772;2890;852;4601;1357;3270;964;3291;970;3268;964;3216;948;3191;941;3352;988;2714;800
Jönköping;Våldsbrott;2774;818;202;60;224;66;217;64;193;57;277;82;222;65;215;63;233;69;263;78;244;72;235;69;249;73
Jönköping;Sexualbrott;624;184;47;14;45;13;24;7;30;9;179;53;38;11;28;8;35;10;48;14;49;14;46;14;55;16
Jönköping;Hot-, kränknings- och frihetsbrott;7196;2122;594;175;450;133;414;122;583;172;1657;489;410;121;487;144;442;130;454;134;504;149;830;245;371;109
Jönköping;Vårdslöshets- och vållandebrott;267;79;16;5;20;6;23;7;21;6;24;7;28;8;21;6;24;7;26;8;26;8;19;6;19;6
Jönköping;Stöld-, rån- och häleribrott;12929;3813;780;230;814;240;837;247;980;289;1172;346;1305;385;1406;415;1254;370;1117;329;1174;346;1040;307;1050;310
Jönköping;Bilbrott;2720;802;167;49;164;48;182;54;215;63;260;77;314;93;267;79;254;75;230;68;240;71;237;70;190;56
Jönköping;Skadegörelse (inkl. mordbrand);3027;893;260;77;139;41;183;54;278;82;294;87;336;99;289;85;291;86;264;78;267;79;231;68;195;58
Jönköping;Vissa trafikbrott;2309;681;165;49;165;49;176;52;154;45;233;69;234;69;163;48;222;65;242;71;209;62;173;51;173;51
Jönköping;Alkohol- och narkotikabrott;4066;1199;412;121;344;101;409;121;273;81;387;114;367;108;234;69;371;109;411;121;349;103;237;70;272;80
Jönköping;Smugglings- och tullbrott;52;15;12;4;1;0;17;5;1;0;0;0;2;1;15;4;1;0;1;0;2;1;0;0;0;0
Jönköping;Vapenbrott;319;94;30;9;21;6;34;10;13;4;27;8;14;4;17;5;31;9;44;13;38;11;22;6;28;8
Jönköping;Bedrägeri- och förfalskningsbrott;3887;1146;286;84;266;78;273;81;331;98;314;93;288;85;364;107;326;96;344;101;316;93;478;141;301;89
Jönköping;Ekonomisk brottslighet;90;27;32;9;16;5;13;4;6;2;3;1;2;1;2;1;5;1;5;1;4;1;1;0;1;0
Jönköping;Miljöbrott (djur och natur);469;138;21;6;28;8;23;7;32;9;55;16;47;14;36;11;51;15;37;11;49;14;37;11;53;16
Jönköping;Övriga brott;1226;362;112;33;89;26;104;31;77;23;127;37;117;35;114;34;112;33;110;32;91;27;102;30;71;21
Kalmar;Totalt antal brott;23308;9980;1698;727;1572;673;1519;650;1855;794;2031;870;2110;903;2747;1176;2157;924;1886;808;2084;892;1895;811;1754;751
Kalmar;Våldsbrott;2128;911;171;73;160;69;116;50;159;68;162;69;221;95;212;91;156;67;202;86;192;82;188;80;189;81
Kalmar;Sexualbrott;349;149;26;11;29;12;28;12;35;15;27;12;31;13;32;14;24;10;31;13;33;14;28;12;25;11
Kalmar;Hot-, kränknings- och frihetsbrott;3682;1577;303;130;342;146;259;111;286;122;309;132;311;133;342;146;317;136;297;127;352;151;288;123;276;118
Kalmar;Vårdslöshets- och vållandebrott;157;67;10;4;9;4;18;8;20;9;15;6;9;4;24;10;13;6;4;2;10;4;16;7;9;4
Kalmar;Stöld-, rån- och häleribrott;8518;3647;527;226;466;200;531;227;606;259;758;325;883;378;1150;492;954;408;714;306;721;309;643;275;565;242
Kalmar;Bilbrott;1553;665;86;37;57;24;96;41;127;54;130;56;153;66;229;98;167;72;126;54;150;64;107;46;125;54
Kalmar;Skadegörelse (inkl. mordbrand);1844;790;138;59;100;43;118;51;157;67;156;67;153;66;215;92;187;80;151;65;163;70;138;59;168;72
Kalmar;Vissa trafikbrott;1447;620;112;48;96;41;100;43;111;48;153;66;125;54;142;61;111;48;122;52;151;65;116;50;108;46
Kalmar;Alkohol- och narkotikabrott;2395;1025;161;69;128;55;173;74;236;101;191;82;197;84;360;154;158;68;165;71;215;92;185;79;226;97
Kalmar;Smugglings- och tullbrott;13;6;4;2;0;0;1;0;0;0;1;0;0;0;0;0;0;0;3;1;0;0;2;1;2;1
Kalmar;Vapenbrott;198;85;18;8;21;9;12;5;19;8;23;10;10;4;19;8;16;7;24;10;14;6;14;6;8;3
Kalmar;Bedrägeri- och förfalskningsbrott;2364;1012;206;88;171;73;147;63;209;89;209;89;177;76;209;89;180;77;191;82;234;100;257;110;174;75
Kalmar;Ekonomisk brottslighet;44;19;3;1;6;3;6;3;5;2;3;1;4;2;4;2;3;1;0;0;7;3;3;1;0;0
Kalmar;Miljöbrott (djur och natur);206;88;16;7;27;12;13;6;15;6;10;4;11;5;17;7;37;16;14;6;16;7;23;10;7;3
Kalmar;Övriga brott;976;418;69;30;85;36;66;28;85;36;101;43;66;28;113;48;82;35;77;33;74;32;83;36;75;32
Kronoberg;Totalt antal brott;20788;11183;1530;823;1424;766;1806;972;2012;1082;1840;990;1838;989;1797;967;1941;1044;1757;945;1779;957;1623;873;1441;775
Kronoberg;Våldsbrott;1574;847;135;73;120;65;110;59;122;66;147;79;139;75;112;60;122;66;137;74;131;70;160;86;139;75
Kronoberg;Sexualbrott;308;166;28;15;36;19;30;16;35;19;27;15;27;15;21;11;28;15;18;10;17;9;28;15;13;7
Kronoberg;Hot-, kränknings- och frihetsbrott;2697;1451;212;114;177;95;205;110;207;111;253;136;247;133;223;120;225;121;262;141;226;122;228;123;232;125
Kronoberg;Vårdslöshets- och vållandebrott;113;61;3;2;9;5;10;5;8;4;11;6;8;4;13;7;10;5;11;6;11;6;9;5;10;5
Kronoberg;Stöld-, rån- och häleribrott;8175;4398;561;302;494;266;549;295;695;374;816;439;735;395;835;449;862;464;779;419;712;383;591;318;546;294
Kronoberg;Bilbrott;1349;726;122;66;77;41;69;37;133;72;126;68;125;67;138;74;124;67;122;66;135;73;90;48;88;47
Kronoberg;Skadegörelse (inkl. mordbrand);1609;866;131;70;84;45;101;54;131;70;148;80;162;87;115;62;149;80;147;79;141;76;162;87;138;74
Kronoberg;Vissa trafikbrott;992;534;72;39;69;37;78;42;76;41;50;27;85;46;117;63;111;60;87;47;101;54;62;33;84;45
Kronoberg;Alkohol- och narkotikabrott;2264;1218;105;56;76;41;455;245;463;249;101;54;143;77;134;72;192;103;102;55;211;114;132;71;150;81
Kronoberg;Smugglings- och tullbrott;7;4;3;2;0;0;0;0;2;1;0;0;0;0;0;0;0;0;1;1;0;0;1;1;0;0
Kronoberg;Vapenbrott;134;72;15;8;8;4;11;6;15;8;8;4;10;5;15;8;16;9;16;9;9;5;7;4;4;2
Kronoberg;Bedrägeri- och förfalskningsbrott;2475;1331;198;107;335;180;195;105;211;114;224;121;184;99;202;109;194;104;166;89;190;102;246;132;130;70
Kronoberg;Ekonomisk brottslighet;310;167;64;34;10;5;59;32;39;21;27;15;90;48;2;1;3;2;6;3;4;2;3;2;3;2
Kronoberg;Miljöbrott (djur och natur);199;107;22;12;8;4;12;6;15;8;13;7;20;11;24;13;32;17;12;6;25;13;7;4;9;5
Kronoberg;Övriga brott;702;378;48;26;63;34;48;26;64;34;70;38;69;37;63;34;59;32;66;36;67;36;48;26;37;20
Norrbotten;Totalt antal brott;24085;9687;1891;761;1585;637;1821;732;1894;762;2131;857;2185;879;2189;880;2281;917;2243;902;2142;861;2081;837;1642;660
Norrbotten;Våldsbrott;2226;895;195;78;164;66;176;71;194;78;171;69;201;81;164;66;157;63;206;83;205;82;189;76;204;82
Norrbotten;Sexualbrott;330;133;36;14;31;12;32;13;23;9;17;7;22;9;21;8;19;8;41;16;36;14;25;10;27;11
Norrbotten;Hot-, kränknings- och frihetsbrott;3634;1462;326;131;284;114;271;109;310;125;283;114;297;119;315;127;316;127;304;122;302;121;341;137;285;115
Norrbotten;Vårdslöshets- och vållandebrott;181;73;10;4;16;6;7;3;12;5;28;11;15;6;12;5;15;6;19;8;26;10;11;4;10;4
Norrbotten;Stöld-, rån- och häleribrott;8615;3465;593;239;545;219;567;228;648;261;752;302;793;319;950;382;1026;413;891;358;754;303;598;241;498;200
Norrbotten;Bilbrott;2126;855;183;74;151;61;143;58;144;58;165;66;192;77;195;78;221;89;212;85;222;89;171;69;127;51
Norrbotten;Skadegörelse (inkl. mordbrand);2155;867;153;62;155;62;117;47;153;62;234;94;213;86;190;76;226;91;209;84;216;87;153;62;136;55
Norrbotten;Vissa trafikbrott;1725;694;120;48;107;43;118;47;148;60;156;63;189;76;134;54;131;53;149;60;186;75;181;73;106;43
Norrbotten;Alkohol- och narkotikabrott;2972;1195;258;104;173;70;279;112;270;109;279;112;286;115;148;60;217;87;239;96;276;111;364;146;183;74
Norrbotten;Smugglings- och tullbrott;87;35;2;1;3;1;22;9;1;0;0;0;13;5;8;3;0;0;3;1;4;2;31;12;0;0
Norrbotten;Vapenbrott;222;89;22;9;17;7;14;6;17;7;19;8;20;8;8;3;9;4;20;8;21;8;33;13;22;9
Norrbotten;Bedrägeri- och förfalskningsbrott;1914;770;152;61;99;40;204;82;132;53;176;71;155;62;204;82;157;63;145;58;140;56;187;75;163;66
Norrbotten;Ekonomisk brottslighet;102;41;4;2;8;3;19;8;10;4;7;3;5;2;5;2;3;1;6;2;15;6;8;3;12;5
Norrbotten;Miljöbrott (djur och natur);251;101;17;7;5;2;7;3;11;4;38;15;26;10;18;7;18;7;37;15;34;14;22;9;18;7
Norrbotten;Övriga brott;872;351;77;31;50;20;72;29;73;29;75;30;85;34;112;45;67;27;73;29;53;21;77;31;58;23
Skåne;Totalt antal brott;209748;16606;19546;1547;15601;1235;16849;1334;16669;1320;18587;1472;18426;1459;18895;1496;17980;1423;17234;1364;17727;1403;17181;1360;15053;1192
Skåne;Våldsbrott;13906;1101;1127;89;996;79;1090;86;1100;87;1177;93;1133;90;1201;95;1143;90;1221;97;1371;109;1180;93;1167;92
Skåne;Sexualbrott;2567;203;242;19;198;16;191;15;196;16;186;15;257;20;179;14;231;18;234;19;226;18;250;20;177;14
Skåne;Hot-, kränknings- och frihetsbrott;25214;1996;2450;194;1902;151;2180;173;1965;156;2182;173;1902;151;2231;177;2125;168;2180;173;2164;171;2015;160;1918;152
Skåne;Vårdslöshets- och vållandebrott;1151;91;95;8;73;6;93;7;124;10;111;9;80;6;112;9;88;7;96;8;83;7;102;8;94;7
Skåne;Stöld-, rån- och häleribrott;84553;6694;6550;519;5850;463;6089;482;6370;504;7628;604;7654;606;8424;667;8039;636;7440;589;7202;570;6796;538;6511;515
Skåne;Bilbrott;16757;1327;1524;121;1209;96;1235;98;1169;93;1447;115;1611;128;1629;129;1487;118;1466;116;1449;115;1271;101;1260;100
Skåne;Skadegörelse (inkl. mordbrand);16309;1291;1478;117;1168;92;1334;106;1487;118;1342;106;1610;127;1519;120;1445;114;1260;100;1337;106;1235;98;1094;87
Skåne;Vissa trafikbrott;10047;795;852;67;720;57;742;59;940;74;945;75;907;72;848;67;797;63;845;67;929;74;867;69;655;52
Skåne;Alkohol- och narkotikabrott;18768;1486;2335;185;1485;118;1952;155;1859;147;2113;167;1586;126;1157;92;1208;96;1374;109;1385;110;1242;98;1072;85
Skåne;Smugglings- och tullbrott;2607;206;271;21;141;11;208;16;190;15;280;22;344;27;132;10;172;14;221;17;249;20;230;18;169;13
Skåne;Vapenbrott;1418;112;132;10;119;9;134;11;108;9;124;10;106;8;114;9;101;8;127;10;145;11;102;8;106;8
Skåne;Bedrägeri- och förfalskningsbrott;28431;2251;3629;287;2448;194;2323;184;2125;168;2056;163;2405;190;2562;203;2359;187;1902;151;2269;180;2589;205;1764;140
Skåne;Ekonomisk brottslighet;5343;423;572;45;431;34;506;40;300;24;460;36;469;37;393;31;336;27;398;32;487;39;620;49;371;29
Skåne;Miljöbrott (djur och natur);1227;97;79;6;68;5;76;6;114;9;123;10;117;9;110;9;91;7;84;7;122;10;129;10;114;9
Skåne;Övriga brott;6476;513;559;44;538;43;574;45;533;42;585;46;540;43;549;43;530;42;573;45;554;44;503;40;438;35
Stockholm;Totalt antal brott;424780;19971;32735;1539;29845;1403;32125;1510;33921;1595;37812;1778;36393;1711;34683;1631;37398;1758;40156;1888;41316;1942;36345;1709;32051;1507
Stockholm;Våldsbrott;31735;1492;2692;127;2404;113;2602;122;2502;118;2973;140;2742;129;2469;116;2662;125;2658;125;2723;128;2655;125;2653;125
Stockholm;Sexualbrott;4534;213;428;20;401;19;420;20;353;17;424;20;374;18;314;15;394;19;420;20;353;17;328;15;325;15
Stockholm;Hot-, kränknings- och frihetsbrott;41660;1959;3470;163;3118;147;3414;161;3375;159;3788;178;3468;163;3535;166;3477;163;3494;164;3602;169;3567;168;3352;158
Stockholm;Vårdslöshets- och vållandebrott;1621;76;126;6;111;5;119;6;158;7;185;9;142;7;127;6;134;6;139;7;136;6;116;5;128;6
Stockholm;Stöld-, rån- och häleribrott;165698;7790;12155;571;11055;520;12186;573;12824;603;14088;662;14836;698;15133;711;16130;758;15505;729;15252;717;13405;630;13129;617
Stockholm;Bilbrott;28626;1346;2253;106;2102;99;2255;106;2317;109;2587;122;2581;121;2444;115;2482;117;2505;118;2632;124;2290;108;2178;102
Stockholm;Skadegörelse (inkl. mordbrand);56781;2670;4028;189;3397;160;3523;166;4336;204;4824;227;3771;177;4773;224;5124;241;7179;338;7123;335;5194;244;3509;165
Stockholm;Vissa trafikbrott;18447;867;1473;69;1348;63;1419;67;1712;80;1604;75;1570;74;1293;61;1597;75;1631;77;1846;87;1592;75;1362;64
Stockholm;Alkohol- och narkotikabrott;33925;1595;2604;122;2504;118;2643;124;2806;132;4386;206;2701;127;1679;79;2502;118;2821;133;3993;188;3007;141;2279;107
Stockholm;Smugglings- och tullbrott;1899;89;221;10;129;6;229;11;142;7;103;5;120;6;71;3;157;7;333;16;110;5;177;8;107;5
Stockholm;Vapenbrott;3502;165;318;15;293;14;314;15;275;13;299;14;243;11;224;11;284;13;300;14;325;15;335;16;292;14
Stockholm;Bedrägeri- och förfalskningsbrott;47135;2216;3721;175;3541;166;3804;179;3684;173;3713;175;4926;232;3803;179;3942;185;4192;197;4088;192;4157;195;3564;168
Stockholm;Ekonomisk brottslighet;13448;632;1242;58;1202;57;1101;52;1317;62;894;42;1137;53;709;33;731;34;1143;54;1370;64;1528;72;1074;50
Stockholm;Miljöbrott (djur och natur);1108;52;67;3;73;3;83;4;105;5;105;5;89;4;102;5;100;5;114;5;105;5;84;4;81;4
Stockholm;Övriga brott;17898;841;1482;70;1387;65;1428;67;1535;72;1660;78;1468;69;1503;71;1444;68;1527;72;1606;76;1511;71;1347;63
Södermanland;Totalt antal brott;39469;14367;3113;1133;2830;1030;2874;1046;3160;1150;3638;1324;3391;1234;3354;1221;3542;1289;3671;1336;3617;1317;3391;1234;2888;1051
Södermanland;Våldsbrott;3609;1314;296;108;294;107;307;112;231;84;327;119;285;104;339;123;298;108;293;107;337;123;320;116;282;103
Södermanland;Sexualbrott;655;238;97;35;39;14;34;12;42;15;60;22;41;15;86;31;63;23;54;20;43;16;52;19;44;16
Södermanland;Hot-, kränknings- och frihetsbrott;5878;2140;489;178;458;167;514;187;497;181;495;180;503;183;520;189;497;181;514;187;538;196;449;163;404;147
Södermanland;Vårdslöshets- och vållandebrott;215;78;12;4;13;5;15;5;14;5;35;13;17;6;15;5;19;7;21;8;19;7;18;7;17;6
Södermanland;Stöld-, rån- och häleribrott;14046;5113;1034;376;956;348;900;328;1070;389;1304;475;1224;446;1221;444;1351;492;1499;546;1313;478;1204;438;970;353
Södermanland;Bilbrott;2753;1002;212;77;166;60;161;59;172;63;222;81;244;89;256;93;275;100;314;114;283;103;235;86;213;78
Södermanland;Skadegörelse (inkl. mordbrand);4024;1465;299;109;206;75;301;110;322;117;466;170;374;136;338;123;360;131;350;127;344;125;331;120;333;121
Södermanland;Vissa trafikbrott;2025;737;167;61;162;59;140;51;175;64;159;58;208;76;191;70;167;61;139;51;193;70;167;61;157;57
Södermanland;Alkohol- och narkotikabrott;4033;1468;368;134;288;105;296;108;332;121;306;111;364;132;247;90;312;114;284;103;421;153;418;152;397;145
Södermanland;Smugglings- och tullbrott;54;20;6;2;3;1;13;5;4;1;9;3;3;1;1;0;2;1;3;1;3;1;4;1;3;1
Södermanland;Vapenbrott;542;197;43;16;44;16;42;15;52;19;48;17;49;18;44;16;39;14;48;17;57;21;39;14;37;13
Södermanland;Bedrägeri- och förfalskningsbrott;4101;1493;281;102;339;123;311;113;368;134;378;138;314;114;369;134;396;144;400;146;325;118;378;138;242;88
Södermanland;Ekonomisk brottslighet;136;50;17;6;4;1;6;2;53;19;10;4;5;2;3;1;6;2;5;2;13;5;3;1;11;4
Södermanland;Miljöbrott (djur och natur);258;94;15;5;11;4;15;5;13;5;26;9;16;6;23;8;18;7;28;10;32;12;49;18;12;4
Södermanland;Övriga brott;1466;534;99;36;129;47;113;41;108;39;126;46;130;47;143;52;129;47;145;53;131;48;108;39;105;38
Uppsala;Totalt antal brott;42412;12402;3185;931;2944;861;3117;911;3275;958;4162;1217;3635;1063;3712;1085;3871;1132;4045;1183;3783;1106;3551;1038;3132;916
Uppsala;Våldsbrott;3239;947;278;81;242;71;281;82;262;77;319;93;287;84;270;79;255;75;270;79;267;78;272;80;236;69
Uppsala;Sexualbrott;616;180;57;17;46;13;65;19;45;13;66;19;56;16;63;18;33;10;45;13;46;13;55;16;39;11
Uppsala;Hot-, kränknings- och frihetsbrott;5090;1488;402;118;419;123;454;133;406;119;438;128;444;130;414;121;438;128;432;126;440;129;420;123;383;112
Uppsala;Vårdslöshets- och vållandebrott;216;63;8;2;12;4;16;5;27;8;26;8;25;7;19;6;17;5;16;5;18;5;19;6;13;4
Uppsala;Stöld-, rån- och häleribrott;14863;4346;909;266;884;258;987;289;1149;336;1558;456;1296;379;1536;449;1467;429;1617;473;1319;386;1156;338;985;288
Uppsala;Bilbrott;2181;638;124;36;141;41;129;38;177;52;250;73;187;55;207;61;228;67;242;71;193;56;150;44;153;45
Uppsala;Skadegörelse (inkl. mordbrand);3592;1050;246;72;225;66;179;52;265;77;458;134;322;94;329;96;403;118;321;94;315;92;269;79;260;76
Uppsala;Vissa trafikbrott;3326;973;240;70;198;58;192;56;213;62;242;71;292;85;299;87;355;104;340;99;361;106;309;90;285;83
Uppsala;Alkohol- och narkotikabrott;5567;1628;573;168;418;122;365;107;386;113;504;147;519;152;352;103;396;116;422;123;592;173;508;149;532;156
Uppsala;Smugglings- och tullbrott;94;27;6;2;3;1;7;2;2;1;0;0;35;10;1;0;0;0;5;1;3;1;29;8;3;1
Uppsala;Vapenbrott;348;102;43;13;30;9;31;9;31;9;26;8;18;5;29;8;29;8;26;8;35;10;20;6;30;9
Uppsala;Bedrägeri- och förfalskningsbrott;5110;1494;363;106;388;113;399;117;368;108;464;136;348;102;411;120;502;147;540;158;392;115;528;154;407;119
Uppsala;Ekonomisk brottslighet;671;196;114;33;81;24;169;49;122;36;101;30;42;12;8;2;10;3;7;2;6;2;6;2;5;1
Uppsala;Miljöbrott (djur och natur);139;41;11;3;9;3;5;1;15;4;17;5;12;4;11;3;11;3;15;4;13;4;13;4;7;2
Uppsala;Övriga brott;1549;453;122;36;134;39;124;36;146;43;127;37;125;37;134;39;112;33;139;41;159;46;126;37;101;30
Värmland;Totalt antal brott;30971;11341;2250;824;2097;768;2517;922;2427;889;2896;1060;2742;1004;2849;1043;2847;1043;2850;1044;2791;1022;2535;928;2170;795
Värmland;Våldsbrott;2249;824;161;59;171;63;200;73;171;63;158;58;219;80;225;82;217;79;196;72;184;67;177;65;170;62
Värmland;Sexualbrott;434;159;23;8;30;11;35;13;38;14;17;6;54;20;42;15;44;16;46;17;43;16;28;10;34;12
Värmland;Hot-, kränknings- och frihetsbrott;3814;1397;306;112;298;109;346;127;294;108;336;123;329;120;373;137;313;115;296;108;337;123;319;117;267;98
Värmland;Vårdslöshets- och vållandebrott;174;64;10;4;11;4;11;4;17;6;17;6;14;5;23;8;13;5;17;6;15;5;16;6;10;4
Värmland;Stöld-, rån- och häleribrott;11484;4205;808;296;749;274;805;295;835;306;1091;400;1029;377;1137;416;1177;431;1151;421;1004;368;896;328;802;294
Värmland;Bilbrott;2622;960;207;76;193;71;253;93;213;78;236;86;243;89;269;99;250;92;239;88;187;68;196;72;136;50
Värmland;Skadegörelse (inkl. mordbrand);2643;968;186;68;145;53;216;79;199;73;240;88;272;100;244;89;232;85;223;82;262;96;241;88;183;67
Värmland;Vissa trafikbrott;2415;884;169;62;161;59;186;68;214;78;241;88;220;81;202;74;199;73;227;83;232;85;199;73;165;60
Värmland;Alkohol- och narkotikabrott;4324;1583;344;126;304;111;361;132;291;107;475;174;352;129;353;129;411;151;432;158;401;147;335;123;265;97
Värmland;Smugglings- och tullbrott;103;38;7;3;4;1;19;7;8;3;11;4;5;2;3;1;5;2;3;1;16;6;12;4;10;4
Värmland;Vapenbrott;317;116;28;10;26;10;39;14;19;7;35;13;32;12;27;10;17;6;24;9;25;9;22;8;23;8
Värmland;Bedrägeri- och förfalskningsbrott;3187;1167;226;83;197;72;330;121;373;137;259;95;228;83;228;83;243;89;243;89;304;111;310;114;246;90
Värmland;Ekonomisk brottslighet;55;20;5;2;5;2;6;2;4;1;5;2;5;2;7;3;2;1;3;1;5;2;6;2;2;1
Värmland;Miljöbrott (djur och natur);162;59;14;5;7;3;9;3;19;7;19;7;12;4;18;7;5;2;12;4;27;10;15;5;5;2
Värmland;Övriga brott;1108;406;72;26;93;34;92;34;94;34;127;47;104;38;102;37;88;32;99;36;72;26;82;30;83;30
Västerbotten;Totalt antal brott;24946;9587;1944;747;1578;606;1745;671;1991;765;2287;879;2294;882;2282;877;2204;847;2336;898;2371;911;2129;818;1785;686
Västerbotten;Våldsbrott;2049;787;164;63;153;59;137;53;156;60;179;69;187;72;185;71;157;60;182;70;180;69;206;79;163;63
Västerbotten;Sexualbrott;480;184;31;12;32;12;47;18;31;12;38;15;35;13;34;13;42;16;69;27;49;19;45;17;27;10
Västerbotten;Hot-, kränknings- och frihetsbrott;3329;1279;263;101;253;97;224;86;277;106;303;116;302;116;317;122;253;97;327;126;304;117;255;98;251;96
Västerbotten;Vårdslöshets- och vållandebrott;182;70;12;5;10;4;17;7;8;3;22;8;17;7;12;5;23;9;12;5;16;6;20;8;13;5
Västerbotten;Stöld-, rån- och häleribrott;8100;3113;535;206;446;171;473;182;617;237;741;285;868;334;888;341;853;328;766;294;751;289;650;250;512;197
Västerbotten;Bilbrott;1316;506;105;40;76;29;77;30;102;39;115;44;105;40;142;55;132;51;161;62;126;48;111;43;64;25
Västerbotten;Skadegörelse (inkl. mordbrand);1800;692;133;51;79;30;106;41;138;53;193;74;183;70;180;69;174;67;206;79;170;65;136;52;102;39
Västerbotten;Vissa trafikbrott;1430;550;113;43;96;37;111;43;137;53;117;45;117;45;122;47;130;50;113;43;139;53;121;46;114;44
Västerbotten;Alkohol- och narkotikabrott;3286;1263;273;105;222;85;378;145;309;119;332;128;235;90;167;64;226;87;274;105;349;134;296;114;225;86
Västerbotten;Smugglings- och tullbrott;13;5;0;0;0;0;4;2;2;1;1;0;2;1;0;0;0;0;2;1;0;0;1;0;1;0
Västerbotten;Vapenbrott;272;105;20;8;21;8;22;8;22;8;27;10;26;10;19;7;22;8;32;12;30;12;18;7;13;5
Västerbotten;Bedrägeri- och förfalskningsbrott;2527;971;313;120;181;70;175;67;241;93;211;81;173;66;199;76;211;81;233;90;207;80;208;80;175;67
Västerbotten;Ekonomisk brottslighet;1273;489;65;25;67;26;54;21;23;9;126;48;102;39;124;48;95;37;121;46;168;65;145;56;183;70
Västerbotten;Miljöbrott (djur och natur);168;65;7;3;5;2;2;1;14;5;13;5;18;7;16;6;17;7;23;9;21;8;23;9;9;3
Västerbotten;Övriga brott;1050;404;83;32;70;27;86;33;104;40;82;32;111;43;91;35;82;32;81;31;90;35;95;37;75;29
Västernorrland;Totalt antal brott;28093;11610;2028;838;1841;761;2496;1031;2445;1010;2512;1038;2397;991;2507;1036;2623;1084;2464;1018;2526;1044;2367;978;1887;780
Västernorrland;Våldsbrott;2399;991;183;76;172;71;173;71;184;76;221;91;233;96;216;89;233;96;156;64;242;100;195;81;191;79
Västernorrland;Sexualbrott;433;179;30;12;46;19;28;12;51;21;24;10;33;14;23;10;42;17;44;18;56;23;29;12;27;11
Västernorrland;Hot-, kränknings- och frihetsbrott;3724;1539;285;118;310;128;319;132;299;124;319;132;286;118;352;145;313;129;281;116;381;157;305;126;274;113
Västernorrland;Vårdslöshets- och vållandebrott;178;74;10;4;11;5;13;5;16;7;27;11;15;6;14;6;18;7;18;7;14;6;9;4;13;5
Västernorrland;Stöld-, rån- och häleribrott;8996;3718;617;255;486;201;564;233;605;250;752;311;810;335;878;363;983;406;944;390;929;384;788;326;640;264
Västernorrland;Bilbrott;2023;836;117;48;118;49;140;58;178;74;139;57;168;69;154;64;225;93;205;85;206;85;198;82;175;72
Västernorrland;Skadegörelse (inkl. mordbrand);3088;1276;172;71;166;69;172;71;282;117;296;122;276;114;273;113;386;160;292;121;265;110;298;123;210;87
Västernorrland;Vissa trafikbrott;1699;702;147;61;102;42;141;58;148;61;172;71;148;61;108;45;132;55;177;73;143;59;133;55;148;61
Västernorrland;Alkohol- och narkotikabrott;3441;1422;288;119;182;75;318;131;409;169;403;167;330;136;191;79;272;112;312;129;271;112;250;103;215;89
Västernorrland;Smugglings- och tullbrott;114;47;7;3;0;0;2;1;1;0;4;2;0;0;1;0;4;2;3;1;11;5;73;30;8;3
Västernorrland;Vapenbrott;176;73;19;8;11;5;16;7;17;7;13;5;13;5;5;2;16;7;20;8;15;6;15;6;16;7
Västernorrland;Bedrägeri- och förfalskningsbrott;3437;1420;213;88;327;135;625;258;403;167;185;76;210;87;395;163;232;96;209;86;208;86;274;113;156;64
Västernorrland;Ekonomisk brottslighet;486;201;56;23;32;13;120;50;56;23;104;43;61;25;9;4;4;2;32;13;6;2;4;2;2;1
Västernorrland;Miljöbrott (djur och natur);169;70;10;4;4;2;6;2;15;6;23;10;20;8;17;7;17;7;18;7;11;5;17;7;11;5
Västernorrland;Övriga brott;964;398;84;35;86;36;89;37;76;31;81;33;78;32;98;40;73;30;75;31;75;31;76;31;73;30
Västmanland;Totalt antal brott;35581;13887;2639;1030;2301;898;2558;998;3159;1233;3399;1327;2982;1164;3162;1234;3304;1289;3226;1259;3307;1291;2924;1141;2620;1023
Västmanland;Våldsbrott;2909;1135;236;92;203;79;217;85;275;107;286;112;254;99;238;93;230;90;244;95;258;101;228;89;240;94
Västmanland;Sexualbrott;662;258;48;19;45;18;37;14;54;21;56;22;34;13;28;11;32;12;191;75;62;24;38;15;37;14
Västmanland;Hot-, kränknings- och frihetsbrott;5217;2036;382;149;418;163;400;156;472;184;535;209;407;159;422;165;468;183;416;162;419;164;466;182;412;161
Västmanland;Vårdslöshets- och vållandebrott;194;76;12;5;14;5;16;6;17;7;19;7;15;6;18;7;13;5;27;11;17;7;14;5;12;5
Västmanland;Stöld-, rån- och häleribrott;12985;5068;789;308;736;287;852;333;1073;419;1111;434;1201;469;1347;526;1354;528;1265;494;1284;501;1068;417;905;353
Västmanland;Bilbrott;2532;988;156;61;111;43;176;69;245;96;200;78;245;96;294;115;257;100;245;96;264;103;174;68;165;64
Västmanland;Skadegörelse (inkl. mordbrand);3492;1363;251;98;127;50;203;79;312;122;401;157;372;145;395;154;375;146;257;100;300;117;239;93;260;101
Västmanland;Vissa trafikbrott;2150;839;154;60;128;50;175;68;192;75;217;85;170;66;158;62;211;82;189;74;152;59;180;70;224;87
Västmanland;Alkohol- och narkotikabrott;3769;1471;348;136;235;92;366;143;429;167;433;169;261;102;222;87;280;109;301;117;357;139;277;108;260;101
Västmanland;Smugglings- och tullbrott;44;17;4;2;2;1;1;0;4;2;5;2;1;0;10;4;5;2;6;2;6;2;0;0;0;0
Västmanland;Vapenbrott;356;139;30;12;21;8;29;11;37;14;38;15;21;8;22;9;33;13;33;13;33;13;34;13;25;10
Västmanland;Bedrägeri- och förfalskningsbrott;3904;1524;387;151;347;135;257;100;275;107;352;137;255;100;302;118;322;126;303;118;456;178;392;153;256;100
Västmanland;Ekonomisk brottslighet;113;44;9;4;18;7;16;6;38;15;5;2;3;1;2;1;2;1;4;2;5;2;6;2;5;2
Västmanland;Miljöbrott (djur och natur);148;58;9;4;5;2;4;2;20;8;11;4;15;6;23;9;24;9;16;6;6;2;10;4;5;2
Västmanland;Övriga brott;1263;493;127;50;105;41;117;46;108;42;100;39;116;45;96;37;91;36;107;42;94;37;104;41;98;38
Västra Götaland;Totalt antal brott;225274;14076;17365;1085;15934;996;17438;1090;18304;1144;20225;1264;18622;1164;19796;1237;20375;1273;19667;1229;20389;1274;19670;1229;17489;1093
Västra Götaland;Våldsbrott;15836;989;1260;79;1161;73;1314;82;1249;78;1439;90;1379;86;1397;87;1330;83;1349;84;1336;83;1299;81;1323;83
Västra Götaland;Sexualbrott;2626;164;180;11;173;11;213;13;265;17;265;17;260;16;187;12;231;14;207;13;287;18;186;12;172;11
Västra Götaland;Hot-, kränknings- och frihetsbrott;24668;1541;1963;123;1882;118;1998;125;1975;123;2266;142;2063;129;2219;139;2207;138;2119;132;2122;133;1967;123;1887;118
Västra Götaland;Vårdslöshets- och vållandebrott;1246;78;96;6;59;4;153;10;149;9;140;9;112;7;82;5;99;6;105;7;84;5;72;4;95;6
Västra Götaland;Stöld-, rån- och häleribrott;94642;5913;6478;405;5999;375;6904;431;7265;454;8180;511;8370;523;9385;586;9625;601;8844;553;8548;534;8050;503;6994;437
Västra Götaland;Bilbrott;22445;1402;1541;96;1362;85;1609;101;1809;113;1954;122;1934;121;2181;136;2213;138;2006;125;2061;129;1940;121;1835;115
Västra Götaland;Skadegörelse (inkl. mordbrand);22912;1432;1929;121;1724;108;1737;109;1865;117;2333;146;1786;112;1679;105;1909;119;1743;109;1900;119;2102;131;2205;138
Västra Götaland;Vissa trafikbrott;11899;743;943;59;794;50;901;56;984;61;1073;67;924;58;886;55;1016;63;1066;67;1206;75;1113;70;993;62
Västra Götaland;Alkohol- och narkotikabrott;16891;1055;1593;100;1448;90;1491;93;1501;94;1444;90;1198;75;1119;70;1261;79;1482;93;1526;95;1487;93;1341;84
Västra Götaland;Smugglings- och tullbrott;456;28;33;2;43;3;31;2;50;3;40;2;54;3;20;1;26;2;43;3;33;2;57;4;26;2
Västra Götaland;Vapenbrott;2079;130;168;10;222;14;187;12;157;10;160;10;138;9;160;10;175;11;184;11;201;13;174;11;153;10
Västra Götaland;Bedrägeri- och förfalskningsbrott;24261;1516;1955;122;1775;111;1816;113;2069;129;2063;129;1873;117;2107;132;2168;135;1921;120;2116;132;2640;165;1758;110
Västra Götaland;Ekonomisk brottslighet;7571;473;808;50;693;43;693;43;760;47;731;46;385;24;388;24;365;23;638;40;985;62;564;35;561;35
Västra Götaland;Miljöbrott (djur och natur);1172;73;68;4;43;3;66;4;115;7;101;6;90;6;152;9;98;6;129;8;144;9;111;7;55;3
Västra Götaland;Övriga brott;7238;452;515;32;521;33;623;39;603;38;703;44;646;40;690;43;589;37;590;37;643;40;600;37;515;32
Örebro;Totalt antal brott;39624;13996;3097;1094;2500;883;3131;1106;3345;1182;3675;1298;3056;1079;3294;1163;3587;1267;3678;1299;3791;1339;3626;1281;2844;1005
Örebro;Våldsbrott;3056;1079;243;86;231;82;260;92;219;77;308;109;244;86;258;91;249;88;271;96;267;94;281;99;225;79
Örebro;Sexualbrott;602;213;70;25;47;17;65;23;53;19;70;25;41;14;53;19;37;13;34;12;55;19;40;14;37;13
Örebro;Hot-, kränknings- och frihetsbrott;4954;1750;401;142;337;119;428;151;388;137;488;172;390;138;425;150;392;138;420;148;441;156;434;153;410;145
Örebro;Vårdslöshets- och vållandebrott;275;97;24;8;18;6;20;7;26;9;28;10;20;7;25;9;27;10;23;8;28;10;23;8;13;5
Örebro;Stöld-, rån- och häleribrott;14997;5297;1088;384;787;278;910;321;1195;422;1243;439;1214;429;1436;507;1631;576;1600;565;1454;514;1364;482;1075;380
Örebro;Bilbrott;2649;936;326;115;124;44;176;62;237;84;233;82;216;76;226;80;249;88;231;82;233;82;208;73;190;67
Örebro;Skadegörelse (inkl. mordbrand);3507;1239;271;96;177;63;206;73;284;100;401;142;379;134;330;117;345;122;292;103;308;109;274;97;240;85
Örebro;Vissa trafikbrott;2240;791;123;43;147;52;177;63;195;69;197;70;152;54;166;59;198;70;224;79;228;81;230;81;203;72
Örebro;Alkohol- och narkotikabrott;5317;1878;482;170;401;142;403;142;487;172;436;154;285;101;251;89;398;141;504;178;705;249;600;212;365;129
Örebro;Smugglings- och tullbrott;12;4;2;1;0;0;2;1;1;0;0;0;0;0;1;0;1;0;1;0;0;0;3;1;1;0
Örebro;Vapenbrott;351;124;24;8;20;7;39;14;33;12;24;8;15;5;24;8;31;11;25;9;35;12;61;22;20;7
Örebro;Bedrägeri- och förfalskningsbrott;3585;1266;283;100;227;80;332;117;333;118;349;123;248;88;305;108;281;99;298;105;295;104;358;126;276;97
Örebro;Ekonomisk brottslighet;852;301;78;28;138;49;290;102;117;41;125;44;63;22;22;8;7;2;4;1;6;2;1;0;1;0
Örebro;Miljöbrott (djur och natur);214;76;12;4;12;4;9;3;21;7;23;8;11;4;17;6;20;7;26;9;30;11;18;6;15;5
Örebro;Övriga brott;1309;462;106;37;87;31;119;42;113;40;121;43;111;39;111;39;101;36;119;42;118;42;103;36;100;35
Östergötland;Totalt antal brott;54639;12596;4015;926;3662;844;3945;909;4375;1009;4763;1098;5309;1224;4675;1078;4909;1132;5282;1218;4951;1141;4479;1033;4274;985
Östergötland;Våldsbrott;3884;895;354;82;278;64;320;74;319;74;358;83;361;83;292;67;326;75;310;71;331;76;330;76;305;70
Östergötland;Sexualbrott;719;166;74;17;79;18;54;12;65;15;78;18;56;13;49;11;53;12;68;16;61;14;45;10;37;9
Östergötland;Hot-, kränknings- och frihetsbrott;5994;1382;524;121;477;110;479;110;521;120;516;119;509;117;538;124;487;112;540;124;499;115;447;103;457;105
Östergötland;Vårdslöshets- och vållandebrott;253;58;17;4;23;5;26;6;23;5;31;7;20;5;15;3;29;7;23;5;15;3;19;4;12;3
Östergötland;Stöld-, rån- och häleribrott;19596;4517;1107;255;993;229;1253;289;1441;332;1773;409;1787;412;1847;426;2160;498;2234;515;1920;443;1539;355;1542;355
Östergötland;Bilbrott;3365;776;203;47;164;38;191;44;247;57;295;68;262;60;265;61;366;84;385;89;403;93;280;65;304;70
Östergötland;Skadegörelse (inkl. mordbrand);4512;1040;354;82;295;68;308;71;398;92;500;115;424;98;401;92;448;103;425;98;354;82;314;72;291;67
Östergötland;Vissa trafikbrott;2496;575;182;42;190;44;172;40;230;53;223;51;214;49;197;45;151;35;246;57;267;62;229;53;195;45
Östergötland;Alkohol- och narkotikabrott;6592;1520;583;134;633;146;544;125;590;136;553;127;583;134;371;86;459;106;602;139;625;144;507;117;542;125
Östergötland;Smugglings- och tullbrott;360;83;47;11;28;6;38;9;26;6;15;3;23;5;9;2;15;3;25;6;29;7;94;22;11;3
Östergötland;Vapenbrott;534;123;64;15;39;9;31;7;30;7;47;11;41;9;34;8;45;10;53;12;54;12;49;11;47;11
Östergötland;Bedrägeri- och förfalskningsbrott;6212;1432;586;135;474;109;512;118;503;116;472;109;462;107;695;160;497;115;499;115;499;115;630;145;383;88
Östergötland;Ekonomisk brottslighet;3446;794;119;27;167;38;204;47;270;62;157;36;835;192;185;43;191;44;258;59;323;74;295;68;442;102
Östergötland;Miljöbrott (djur och natur);252;58;9;2;9;2;10;2;7;2;20;5;25;6;19;4;46;11;33;8;34;8;21;5;19;4
Östergötland;Övriga brott;1816;419;159;37;134;31;153;35;142;33;188;43;153;35;171;39;142;33;166;38;152;35;135;31;121;28